Pclass,Sex,PCA1,PCA2,PCA3,Survived
5.0,male,0.27984084273894777,-0.2887865611995128,-0.3256488879791534,0
1.0,female,-0.2938094919495189,0.2815117908524939,-0.37311109369147244,1
5.0,female,-0.12605897339005323,-0.39059056276459736,0.013157953048802025,1
1.0,female,-0.18583219901927228,0.1758387074112051,-0.3642881481265453,1
5.0,male,-0.4512977930652428,-0.07750555946421175,-0.013072493806555783,0
5.0,male,-0.23436919938174847,-0.28591969826190633,0.004395735447934616,0
1.0,male,-1.1340271856943054,0.5951492641118148,-0.06915667992384028,0
5.0,male,1.8326081118995932,-0.1398525502780868,-0.49487200481679716,0
5.0,female,0.44804314825116137,0.3565209456277651,0.9578778422728667,1
3.0,female,0.5719705862525025,-0.5579675222486863,-0.3028853553293088,1
5.0,female,1.2368223101307019,-0.5546283778680139,0.20037676197546261,1
1.0,female,-1.2799835750786428,0.7300663060409357,-0.08055823375075088,1
5.0,male,0.09081094852845581,-0.5991813195099762,0.0306368842048105,0
5.0,male,1.1925861478296622,2.0878798310451545,1.993619642368831,0
5.0,female,0.30761297398002413,-0.807976463061325,0.048128199874948,0
3.0,female,-1.1727359184048052,0.622196819300814,-0.07160220039886306,1
5.0,male,2.094843245254594,0.1037671525339566,-0.8454984136594007,0
3.0,male,-0.23353546457916183,-0.28340993006621773,0.004243659781718498,1
5.0,female,-0.04361024241944361,0.02968000853983156,-0.35220542283854095,0
5.0,female,-0.23463202550270548,-0.28671087626878283,0.004443675701021726,1
3.0,male,-0.44879869112983606,-0.0699825838899539,-0.013528337308098312,0
3.0,male,-0.4142383784437278,-0.10951801005096322,-0.010326132888736858,1
5.0,female,0.2715094774709932,-0.7730864393314695,0.04520747669786747,1
1.0,male,-0.19511421640501672,-0.31132289178959344,0.0067416182769095565,1
5.0,female,1.6157646152621141,0.06881775374021873,-0.5123557560213436,0
5.0,female,1.2287347669665942,2.053125638680455,1.9965321350466223,1
5.0,male,-0.23463202550270548,-0.28671087626878283,0.004443675701021726,0
1.0,male,1.5262334043479349,0.8162578065450278,-0.07112022224246857,0
5.0,female,-0.23449044827513602,-0.28628469036184323,0.004417851600676094,1
5.0,male,-0.23448692016859546,-0.2862740698029328,0.00441720806372529,0
1.0,male,-0.6293535127434245,0.10435513402216041,-0.028125142438221954,0
1.0,female,0.03207395909753691,-0.02963269693860626,-0.34699822948354075,1
5.0,female,-0.23451801556686175,-0.28636767539713237,0.004422879955306318,1
3.0,male,-1.5711716919516947,1.0020818190210243,-0.10349352185357853,0
1.0,male,0.06776838205475212,-0.0657541431625933,-0.3440028900942896,0
1.0,male,-0.43885230854516066,0.4191789349992478,-0.38467928586674865,0
5.0,male,-0.23463110055559597,-0.2867080919267704,0.00444350698796399,1
5.0,male,0.0546703657555425,-0.5644029355069251,0.02772292567071938,0
5.0,female,0.6877006199157174,-0.18108254456103673,-0.6648132316340628,0
5.0,female,0.5697566874499503,-0.5646319589327261,-0.30248153371326414,1
5.0,female,-0.37022825944631216,0.33861325322574826,-0.378184300063546,0
3.0,female,0.10131028160520975,-0.1083552694599021,-0.3406149241406768,0
5.0,male,-0.23448692016859546,-0.2862740698029328,0.00441720806372529,0
3.0,female,1.579828623207444,-0.22798914783722157,0.6767894647224164,1
5.0,female,0.12691537945399642,-0.6340685303923528,0.03355743694158694,1
5.0,male,-0.23445429642776355,-0.28617586348251733,0.004411257397990705,0
5.0,male,0.0283312983670996,-0.040899122232791234,-0.34631555722104623,0
5.0,female,-0.23451801556686175,-0.28636767539713237,0.004422879955306318,1
5.0,male,0.2905868757662723,0.20278212270475168,-0.6969456951170946,0
5.0,female,0.4261916266716957,-0.4225163684215302,-0.31431927287126976,0
5.0,male,1.9148135868868832,0.27968575444894433,-0.8601910101013915,0
5.0,male,0.054617337735178635,-0.5645625642504736,0.02773259813671208,0
1.0,female,-0.6912633701616396,0.6643525622102205,-0.405181515726764,1
3.0,female,0.029528091794932265,-0.037296448969464956,-0.3465338558422578,1
1.0,male,-1.2264764917934785,1.333805057863783,0.37261112295063126,0
1.0,male,-0.23125479917793013,-0.2765445077865425,0.0038276597428184315,1
3.0,female,0.05515453282940072,-0.5629454611162688,0.027634612180520254,1
5.0,male,-0.2165608091691393,-0.30409728392829594,0.0059004862550095585,0
3.0,female,1.5066692946450655,-0.16107588901741568,0.6711217271566063,1
5.0,male,2.336869826340324,1.0163642308512315,-0.7485217313441836,0
5.0,male,0.018352978854797,-0.5301567799481274,0.02484121672660162,0
1.0,female,-0.5551510519896806,0.040581986409977774,-0.022647675234715496,1
1.0,male,-0.5466041370544024,0.5255307275832265,-0.3935433568014284,0
5.0,male,2.065788838530065,0.286895897719712,-0.02694511349218612,0
1.0,male,-0.23180710224137913,-0.2782070900114,0.00392840143677995,0
5.0,male,0.3331027732278503,0.3142142141238111,0.12756518530920077,1
3.0,female,-0.23397012935390527,-0.2847183890918609,0.004322943907791596,1
5.0,male,0.12697428383021503,-0.6338912122216808,0.033546692611101186,0
5.0,female,1.8547561200030716,0.9722784279419843,-0.41482546690487976,1
5.0,male,0.3970609919543264,0.09258406901111724,-0.6878485657184116,0
3.0,male,-0.3423918776726448,-0.1803832370827083,-0.004418931694481639,0
5.0,female,2.156166912475758,1.1902561508664868,-0.7630915240146392,0
3.0,male,0.059136519587875955,-0.5509585994774493,0.026908286150612234,0
5.0,male,0.1365983570398961,-0.14569993208948323,-0.3375454657749693,0
5.0,male,-0.33879040951730166,-0.16954183978704182,-0.005075850018366849,1
5.0,male,-0.08997715299657566,-0.425545837489438,0.016082630012751904,0
5.0,male,-0.23448692016859546,-0.2862740698029328,0.00441720806372529,0
5.0,male,-0.23445429642776355,-0.28617586348251733,0.004411257397990705,0
3.0,male,1.3959931312472689,-0.5471544747401695,1.0337438008541118,1
5.0,female,-0.2697628094783548,-0.24889272362760598,0.0013455269131932932,1
5.0,male,0.01872496816595178,-0.5290369910903563,0.02477336478837902,0
5.0,male,-0.2341602538015967,-0.2852907153166488,0.0043576231630619066,1
5.0,female,-0.23450999453974636,-0.28634352992702766,0.004421416896503284,1
1.0,male,-0.19454529788351343,-0.30961029252328354,0.006637845874807789,0
3.0,female,0.19971686392105373,-0.7020589971284725,0.03929044631688458,1
5.0,female,0.40678557559731554,0.581077912845908,-1.0589590575014562,1
5.0,male,1.4144115170430145,0.5781564575294621,1.1128545946730857,0
5.0,male,-0.23445429642776355,-0.28617586348251733,0.004411257397990705,0
1.0,female,1.3816710732562818,0.9553713425572317,-0.08277605637883269,1
5.0,male,-0.053751382563197316,-0.4600677834977722,0.01898105006844612,0
5.0,male,-0.23445429642776355,-0.28617586348251733,0.004411257397990705,0
5.0,male,0.09076947734254484,-0.5993061590430195,0.030644448670401465,0
1.0,male,-0.5831501922133339,0.5590885295792634,-0.39638335598652186,0
5.0,male,0.7470197844785935,0.567171197144427,0.6100557823808354,0
5.0,male,-1.3188440061461295,0.7566572079745798,-0.08297608400182346,0
5.0,male,-0.23445429642776355,-0.28617586348251733,0.004411257397990705,0
1.0,male,-1.7492113157254439,1.1839909655513399,-0.1185491064252851,0
1.0,male,0.2914606637165073,-0.12678869745545895,0.49499142062860046,1
3.0,female,-0.1081357944841447,0.24960232621841297,0.46331181144910755,1
3.0,male,-0.15117482206963373,0.13659547104578953,-0.36110364851271337,0
5.0,female,-0.1983463373956821,-0.3210524538059838,0.0073311665978163885,0
5.0,male,-0.23448692016859546,-0.2862740698029328,0.00441720806372529,0
1.0,male,0.36400672544888374,-0.19554805599502575,0.5007710198576776,0
5.0,male,-0.37889135308338884,-0.14668521739370502,-0.007267427161865142,0
5.0,male,-0.0006388113175209958,0.4746845391465519,-0.7198741303036106,0
5.0,male,-0.1983463373956821,-0.3210524538059838,0.0073311665978163885,0
5.0,female,0.054585178095077264,-0.5646593735016416,0.027738464149116168,1
5.0,male,-0.23451266642240398,-0.2863515730195026,0.004421904255713843,1
5.0,male,-0.5597521651248144,0.026731386224525783,-0.02180841874309447,0
5.0,female,0.029356162642390715,-0.037814002414063526,-0.3465024954620343,1
1.0,male,-0.8810385086970158,0.3517144160757083,-0.048759808798498123,0
5.0,female,0.5522150589283983,-0.5456513481245692,-0.3040349426329218,0
5.0,male,0.0185297829826294,-0.5296245515038743,0.024808967136628318,0
5.0,female,0.3526511580357898,-0.35675044473955697,-0.31991748937303954,0
5.0,female,0.20038093776096616,-0.7000599545098478,0.03916931730642701,0
5.0,male,0.054643940474512986,-0.564482482779852,0.027727745719258845,0
5.0,male,-1.7343522006427603,1.1569352607294814,-0.1165063992094736,0
3.0,male,0.029029116059383006,-0.03879850145379991,-0.34644284120885893,0
1.0,male,0.25626238128540424,-0.08917373349757708,0.49190558375644333,0
5.0,female,2.3998125143576927,0.4594759032803585,-0.37165374937739937,0
3.0,male,0.5821030921624538,-0.06824572159986039,-0.6740702533267998,0
5.0,male,-0.23445429642776355,-0.28617586348251733,0.004411257397990705,0
3.0,male,-0.09663019504639227,0.08543258180775624,-0.35679358820999385,0
3.0,female,-0.36002750428435804,-0.16168558605553957,-0.005955195087600257,1
1.0,male,-0.8286325060572531,0.9521386161056558,0.40461038823267187,0
5.0,male,0.6420378529957768,-0.6341887269388279,-0.29665361664508194,1
5.0,male,-0.23451801556686175,-0.28636767539713237,0.004422879955306318,0
5.0,male,-0.0539474998909581,-0.46065814991921744,0.019016822442567083,1
5.0,female,0.33398415631149525,0.3168674165866172,0.12740441845717407,1
5.0,male,-0.8129367866769914,0.2695763879324601,-0.04216954900859307,0
5.0,male,-0.3790492512602483,-0.14716053379072905,-0.007238626072639039,0
5.0,male,0.09059449257788085,-0.5998329107100018,0.030676366403212182,0
5.0,female,-0.6223469395331948,0.584667028250763,-0.3987398611696178,0
3.0,female,0.029528091794932265,-0.037296448969464956,-0.3465338558422578,1
3.0,male,-0.08897313348750872,-0.4225234660784218,0.015899493918082912,0
3.0,male,-0.016374704614259737,-0.4911251853012018,0.02166954122751917,0
1.0,female,0.7390924714885416,0.08408762610836394,0.9808384467407372,1
1.0,male,-0.25811336456509926,0.24539547541730636,-0.3701160651947283,0
5.0,male,0.2356116290668095,-0.737577358952607,0.04224924270505314,0
1.0,male,-0.0491945224477898,-0.4463503969206857,0.018149865457039272,0
5.0,female,0.37642783858443635,0.428082120674448,0.9519284711450674,0
5.0,female,0.018466063843531208,-0.5298163634184894,0.02482058969394391,1
5.0,female,0.20908424797895683,-0.21464042105913936,-0.33175489121722435,1
5.0,male,0.1266678255127656,-0.6348137349903745,0.03360259150442909,0
3.0,male,0.16375681864852387,-0.6667371462158174,0.03634355721474892,0
3.0,male,0.6965165070168875,-0.027525283325046824,0.15633852271274343,0
5.0,male,-0.16222705585338382,-0.35589496029853757,0.010249010538666293,1
5.0,female,1.6240705310968209,0.2208398629574684,0.30888901857585627,0
3.0,male,0.10660713799854411,0.6926336830934849,0.9298487570850863,0
3.0,male,-0.7033630406270338,0.16870906197344446,-0.03363780116146553,0
3.0,male,-1.0287066855726865,0.48147851273950304,-0.059849127580934955,0
1.0,female,0.28434780764188344,-0.27521937276336267,-0.32647097155789423,1
5.0,male,-1.1921797399099643,0.6354513125983331,-0.07280864375542301,0
5.0,male,-0.03929973450879801,0.8276997842709997,0.9184381712350014,0
5.0,male,-0.23461279907237054,-0.286652999491633,0.004440168743901705,0
1.0,male,-0.720522989959523,0.846863560309917,0.413409215905168,0
5.0,female,0.2353059832519406,-0.7384974358678602,0.042304993395534285,1
5.0,male,-0.2705948792006766,-0.2513974794794666,0.001497298863899633,0
5.0,male,-0.23432732893899116,-0.28579365685731867,0.004388098156727245,0
5.0,male,2.47142286182296,2.3683519680894425,-1.8525563768027307,0
5.0,male,-0.4703671173216751,0.594901201770619,0.43432279883009606,0
3.0,female,-0.6306625721584989,0.10041450964612744,-0.027886366172620195,1
5.0,male,-0.12609091810366413,-0.39068672502865565,0.013163779857987116,0
5.0,male,0.19935966433596777,-0.7031342648939304,0.039355600565820284,0
5.0,male,2.1316570835243627,0.07101545043063874,-0.8427072588968451,0
5.0,male,1.0999207226118213,-0.2654348763738583,1.0100833837436556,1
1.0,female,0.0743955870454832,0.08121459048139755,0.4775480862701747,1
5.0,female,0.6706750755537942,1.9405454549460754,1.502309158281813,0
1.0,male,-0.23196190002343542,-0.27867307337800856,0.003956637004927025,0
5.0,male,-0.19422807842564874,-0.30865537579924557,0.006579984117997565,0
1.0,male,-1.3878793549769575,0.8359847658470325,-0.08939604753108334,0
5.0,male,2.022562079708768,0.17332392054005819,-0.8513263307275831,0
5.0,female,1.3443732349903192,-0.6615849450021961,0.20927747832336838,1
5.0,male,0.054643940474512986,-0.564482482779852,0.027727745719258845,0
1.0,male,-1.2073707663853268,0.6615078739820733,-0.07479080936254799,0
5.0,male,0.7293422808195352,-0.07228214262089568,0.1598571120970382,0
5.0,male,0.8572548610290328,0.800495814815904,-0.5736295956125362,0
1.0,female,-0.9906787670369411,0.4523815219773803,-0.05727942460942298,0
3.0,male,-0.2696760473520749,-0.24863154606316698,0.0013297012476274914,0
5.0,male,-0.4895775265538409,-0.04916660010236971,-0.01559626499424465,0
5.0,female,2.47142286182296,2.3683519680894425,-1.8525563768027307,0
3.0,male,-0.23321758223732555,-0.282453017881388,0.004185677112933274,0
5.0,male,2.1468364713113206,0.7029487829400662,-0.3920529249723361,0
3.0,male,1.608654591699715,-0.4118055541452225,-0.14172216764317574,1
5.0,female,1.2807886234169694,-0.4388301408879977,1.024623082313651,1
1.0,male,-0.23057703825878503,-0.2745042633420576,0.003704034169081626,0
5.0,female,0.0283312983670996,-0.040899122232791234,-0.34631555722104623,1
1.0,male,-0.8101559990307706,0.27794731400127315,-0.04267677280756673,1
5.0,male,-0.06440676049107094,0.6968874472902004,0.09550491500111231,0
5.0,male,-0.48747099957898815,-0.042825381781576105,-0.0159805016749123,0
3.0,female,-0.34195721289790143,-0.17907477805706515,-0.004498215820554705,1
3.0,male,0.12787036314997058,-0.6311937700967272,0.033383245122629385,0
5.0,female,0.3883933464027468,-0.3927281041072758,-0.3169308625342135,1
3.0,male,1.2739915955345515,-0.5863100875593588,0.20310308214127093,1
1.0,female,-0.7739158438350776,0.24346867003436412,-0.039780976574586326,1
1.0,female,-1.277486227604236,0.7375840002110771,-0.0810137572334762,1
5.0,male,-0.23451801556686175,-0.28636767539713237,0.004422879955306318,0
5.0,male,-0.3993995931063696,0.5213900165785541,0.4403903279186572,0
5.0,female,-0.23451801556686175,-0.28636767539713237,0.004422879955306318,1
3.0,female,-0.05283255071459558,-0.4573018500814725,0.018813452452173952,0
5.0,male,-0.19801967102868334,-0.3200690993196999,0.0072715816971530315,0
5.0,male,2.47142286182296,2.3683519680894425,-1.8525563768027307,0
5.0,male,-0.41549876442575745,-0.11331211417397197,-0.010096234799665921,0
5.0,male,-0.8309516412557738,0.28713245978155794,-0.04363664011148116,0
5.0,male,0.16309211407428229,-0.668738087516078,0.03646480127299267,1
5.0,female,1.0466270043891446,-0.8685313414092989,0.5568751086308982,0
5.0,male,-0.0800404142043488,0.06358665096526812,-0.355066559489953,0
5.0,male,-0.12429171003836206,-0.3852706200925149,0.012835599045163543,1
5.0,female,0.2353095604810106,-0.738486667436795,0.042304340898490445,1
1.0,male,-0.6290992794295682,0.10512044534588322,-0.028171515338164633,1
5.0,male,-0.05396783851377225,-0.4607193746977978,0.019020532266847856,0
3.0,female,-0.4492976668653852,-0.07148463637428877,-0.013437322674699414,1
5.0,male,0.01835755645166073,-0.5301430001383058,0.02484038175954669,0
3.0,male,-0.2696760473520749,-0.24863154606316698,0.0013297012476274914,0
5.0,male,0.026965270720427134,-0.04501123645833799,-0.34606638978339965,0
1.0,female,-0.0403604171553347,0.03946286522771536,-0.3527982004706992,1
5.0,female,-0.16219955616296633,-0.3558121787615464,0.010243994514712394,1
3.0,male,-0.4402121063303858,0.41508557434866944,-0.38443125477404894,0
1.0,female,-0.3383636714827037,-0.1682572424021159,-0.005153688283855888,1
3.0,male,-0.2701107121268184,-0.24994000508881012,0.0014089853737005466,0
5.0,male,0.23537327962010876,-0.7382948555221801,0.04229271834117485,1
3.0,male,-0.1612542990333351,-0.35296669807231995,0.010071576849900747,0
5.0,male,-1.0295471174318547,0.4789485845846034,-0.05969583035201312,0
5.0,male,-0.23448692016859546,-0.2862740698029328,0.00441720806372529,0
1.0,male,-0.2935414345497703,0.28231871642932976,-0.3731599881451102,1
5.0,male,0.01879444076018402,-0.5288278597131665,0.02476069278402121,0
3.0,male,0.1274356983752271,-0.6325022291223704,0.03346252924870244,1
5.0,male,0.07256843061103045,-0.5823105761428822,0.02921131956068329,0
3.0,male,0.16401094592288398,-0.6659721540997784,0.03629720365672046,0
5.0,female,0.8572548610290328,0.800495814815904,-0.5736295956125362,0
1.0,female,-0.18519830932526984,0.17774688755271673,-0.36440377146051744,1
5.0,male,-0.23451266642240398,-0.2863515730195026,0.004421904255713843,0
3.0,male,-1.3176724120179222,0.7601840245019788,-0.08318978619708897,0
5.0,female,2.2913988024029734,0.5638352469278625,-0.38039709083597184,1
3.0,male,-0.053267215489339104,-0.4586103091071157,0.01889273657824706,0
5.0,female,-0.234561068302332,-0.2864972758238932,0.004430732900162106,0
3.0,male,-0.5125806497987663,0.48437931107629906,-0.3902432338536241,0
3.0,female,1.1366359433687936,-0.2984834439749166,1.0128925266289481,1
3.0,male,0.1274356983752271,-0.6325022291223704,0.03346252924870244,0
3.0,male,-0.3782182181304549,-0.1446588983639143,-0.007390208945836713,0
5.0,female,0.028176608721156304,-0.04136478008033029,-0.34628734137724254,0
5.0,female,0.0283312983670996,-0.040899122232791234,-0.34631555722104623,1
3.0,male,-0.23397012935390527,-0.2847183890918609,0.004322943907791596,0
5.0,male,0.018329969191419652,-0.5302260452842497,0.024845413756492504,0
5.0,male,-0.2707726082756185,-0.25193249226573206,0.001529717166930679,0
1.0,male,-0.24890164489996067,0.7323454593864298,-0.7411330090883627,0
5.0,female,-0.08995033533075077,-0.42546510903170665,0.016077738392078232,0
3.0,female,0.5570198812442706,0.25385644822065906,0.9665184870475043,1
1.0,male,0.046677274770531914,0.6005665020483134,0.10376118167925492,1
3.0,male,-0.8739864775278986,0.8321631511068088,-0.419382819194535,0
5.0,male,-0.23462652295873224,-0.2866943121169489,0.00444267202090903,0
5.0,female,0.3323145558077762,0.3118414656118713,0.1277089584717329,0
1.0,male,-1.4245459061702952,0.8691798420531393,-0.0922140678871152,0
5.0,male,-0.007724023857475562,-0.005864080822730988,-0.3492450675284954,0
5.0,female,-0.056613739285979923,0.8473656043716449,0.9168432430786941,0
5.0,female,0.37642783858443635,0.428082120674448,0.9519284711450674,1
1.0,female,-0.22989743631235618,-0.27245847690543096,0.0035800727865839895,1
1.0,female,-0.265940578144174,-0.2373867692050126,0.0006483407398750185,1
1.0,female,-0.448426878092,-0.06886332566274776,-0.013596157093552042,1
3.0,female,-0.6860990810796597,0.8069175216452417,0.4166363007776959,1
5.0,male,-0.23451801556686175,-0.28636767539713237,0.004422879955306318,0
5.0,male,2.3636799679488,0.4942784789217605,-0.37456917376778964,1
1.0,male,-0.4948326296373931,1.1240449246656627,0.05994257401392795,0
1.0,male,-0.6341398576454936,0.08994693590983396,-0.027252099130609043,0
5.0,female,-0.23451801556686175,-0.28636767539713237,0.004422879955306318,0
3.0,male,-0.48695420876429796,-0.04126970107050425,-0.016074765830845977,0
5.0,male,1.5895483419306642,0.5926912104764025,-0.8864166369082112,0
5.0,male,0.17153295095653812,-0.18410867009291224,-0.3344115313466278,1
1.0,female,-0.9726566110061575,1.09287235898816,0.3928563800738491,1
1.0,female,-0.4462922728187332,-0.06243758403774496,-0.013985515337964223,1
1.0,male,-0.23155286892752272,-0.2774417786876772,0.003882028536837311,0
5.0,male,-0.0920311160517951,-0.43172882413593056,0.016457278880757275,1
3.0,female,-0.3615056942262593,0.49188959025362844,0.44298447646729217,1
1.0,male,-0.2159658555803161,0.3557186174679942,0.45446201036707196,0
5.0,female,-0.23451801556686175,-0.28636767539713237,0.004422879955306318,1
1.0,female,-1.197212523966524,1.1513071485125004,-0.4459804017745188,1
5.0,female,-0.8127673399334735,0.27008646865168284,-0.042200456590151,0
3.0,male,-0.23659344714344832,-0.2926152881237264,0.004801444744392902,0
5.0,male,1.9141403313900278,0.27765907254921124,-0.8600682063298563,0
5.0,female,0.11690901670453878,0.524840412353252,0.10996291960769086,1
5.0,male,-1.535578995391738,0.9656541487127018,-0.10047962727197267,0
5.0,male,-0.19835518484076115,-0.3210790870186117,0.007332780397672808,0
5.0,male,0.23566732224627565,-0.7374097073563114,0.04223908410624601,0
5.0,male,0.12695153130136885,-0.6339597035130269,0.033550842738901576,1
1.0,male,-0.23195519449235674,-0.2786528879082595,0.003955413896448201,0
5.0,male,-0.378889660030644,-0.14668012084511492,-0.007267735979637062,0
5.0,male,-0.27030083657450976,-0.250512331313598,0.0014436646289708456,1
5.0,male,0.018497159241797515,-0.5297227578242897,0.024814917802362918,0
3.0,male,-0.7033630406270338,0.16870906197344446,-0.03363780116146553,1
5.0,female,0.018466063843531208,-0.5298163634184894,0.02482058969394391,1
1.0,female,-0.12148085588227918,-0.3768091856630423,0.012322891026862662,1
1.0,female,0.3931414209302643,-0.3784351102164702,-0.3177969252135881,1
3.0,male,-0.4865399945835649,-0.040022803887153076,-0.016150319708764613,0
5.0,female,-0.05358636607340398,-0.45957103904550434,0.01895095057812369,0
5.0,male,-0.053784006304029255,-0.4601659898181876,0.01898700073418072,0
1.0,male,-0.23180710224137913,-0.2782070900114,0.00392840143677995,0
5.0,male,-0.035857895304573055,-0.47798920394355066,0.020470278925464984,0
1.0,female,1.617502069677394,-0.25815319579095,0.679423824435369,0
1.0,male,-0.23158944309698587,-0.2775518768711975,0.0038886997723071312,1
1.0,female,-0.68339277081034,0.8150642505817476,0.4161426618700752,1
5.0,female,-0.23451801556686175,-0.28636767539713237,0.004422879955306318,1
5.0,male,0.2907506424718171,0.20327510496699375,-0.6969755666431152,1
5.0,male,0.12481238058568424,-0.6403991281542358,0.03394103008530374,0
3.0,female,-0.23364322455719097,-0.28373431686737627,0.004263315516850786,1
5.0,male,-0.23445429642776355,-0.28617586348251733,0.004411257397990705,0
1.0,male,1.656533899072141,-0.2957138505142451,0.6825708996521874,1
1.0,female,-0.22957823068944505,-0.27149758128516693,0.003521848747460885,1
1.0,female,0.4655783851671548,-0.44752288184800665,-0.3119974262822831,1
3.0,male,-0.006798977778019161,-0.0030794408837920067,-0.34941379863864874,0
1.0,female,-0.266496859133652,-0.23906132606761066,0.0007498080191775223,1
1.0,female,-0.04913935231230271,-0.446184319828824,0.01813980226298374,1
1.0,female,1.3008903363291449,0.5401218863458973,0.28228307251699997,1
3.0,female,0.44275819175754694,0.21359274451081325,0.13608203585717596,0
5.0,male,-0.1983463373956821,-0.3210524538059838,0.0073311665978163885,0
3.0,male,-0.1716095190397556,0.8048920895812303,0.08654069209989378,0
5.0,female,-0.12607401929493472,-0.3906358550247136,0.013160697465854989,1
3.0,female,0.21023100565949848,-0.2111883689847198,-0.3319640631718024,1
3.0,male,-1.1368909421377298,0.586528579429339,-0.06863432237361765,0
1.0,female,0.3079771557984553,0.5091696821354567,0.9454018628193945,1
1.0,female,-0.060708151421190217,0.7080212651218099,0.09483027789033074,1
5.0,male,0.01835755645166073,-0.5301430001383058,0.02484038175954669,0
5.0,male,-0.16220575462276873,-0.3558308378090349,0.010245125131907486,0
3.0,female,-0.26978380733010404,-0.24895593286432546,0.0013493569827597253,1
3.0,female,0.58757192858811,0.07523600805378226,0.14769201285153702,1
5.0,male,2.47142286182296,2.3683519680894425,-1.8525563768027307,0
1.0,female,-0.48243285559164656,-0.027659200034693923,-0.016899473872055263,1
5.0,male,-1.3913541089703818,0.8255248125939334,-0.08876224224090273,0
3.0,female,-0.48651954398955455,-0.03996124204486108,-0.01615404995691906,1
5.0,female,0.261502836251144,0.3858216651426261,0.12161301015778513,1
1.0,female,0.5443089512860035,-0.37064615579857596,0.5154138991961356,1
5.0,female,0.2907506424718171,0.20327510496699375,-0.6969755666431152,1
1.0,male,-0.8280631287292594,0.29582766699781354,-0.04416351324365751,0
1.0,male,-0.24984495554789266,0.39730467892714055,0.45113555075567086,0
5.0,male,0.759981785461544,-0.25063931256713856,-0.6589853145658806,0
1.0,female,0.03202638729662978,-0.029775900979696727,-0.34698955224793354,1
5.0,male,-0.23448692016859546,-0.2862740698029328,0.00441720806372529,0
1.0,male,0.031363728231490424,-0.0317706847420057,-0.3468686812965319,0
1.0,female,-0.6631403721252673,0.14621886469663511,-0.031468427002214826,1
5.0,male,-0.8127036207943753,0.2702782805662979,-0.04221207914746661,1
1.0,male,-0.8095041235445419,0.2799096362622728,-0.042795676802638835,0
3.0,male,1.3101321783074646,-0.6210884715624096,0.206017040675362,1
1.0,female,1.3455304904833687,0.9901497265602827,-0.08569001491292402,1
3.0,male,-0.19739488180624848,-0.3181883140692688,0.007157618315809591,0
3.0,male,-0.08897313348750872,-0.4225234660784218,0.015899493918082912,0
3.0,male,-0.48651954398955455,-0.03996124204486108,-0.01615404995691906,0
3.0,female,-0.05283255071459558,-0.4573018500814725,0.018813452452173952,1
3.0,female,-0.6310818750812074,0.09915229396734263,-0.027809884093283388,1
5.0,female,0.028416558915437467,-0.040642464825781786,-0.3463311089944042,1
5.0,male,1.2728519168716734,-0.589740829867971,0.20331096286232492,1
5.0,male,-0.7041549049868632,0.1663253351823435,-0.033493362786456815,0
5.0,male,-0.017370806850872764,-0.494123723571824,0.021851233188538804,0
1.0,male,-0.2312853546339271,-0.27663648800786456,0.003833233147350544,0
5.0,male,0.8376286961963533,-0.17702468354125803,0.16862367282369378,0
5.0,male,0.1732075472613031,-0.1790676804001735,-0.3347169826099073,0
5.0,male,-0.23463202550270548,-0.28671087626878283,0.004443675701021726,0
5.0,male,-0.19801967102868334,-0.3200690993196999,0.0072715816971530315,0
1.0,female,0.32737966645587646,-0.16223409753995927,0.49794579600881217,1
3.0,female,-0.5588007095353809,0.029595525961240796,-0.021981967025101228,0
5.0,female,-0.23449044827513602,-0.28628469036184323,0.004417851600676094,1
5.0,female,-0.23449044827513602,-0.28628469036184323,0.004417851600676094,1
5.0,male,0.8513779894183607,1.7666535349308208,1.516878950952269,0
3.0,male,0.029676184045909815,-0.03685065107260558,-0.34656086830192606,0
5.0,female,-0.5067476502888695,0.6289572705191218,0.4314526079131668,0
5.0,male,-0.45151424901581777,-0.07815715066423741,-0.013033011608154076,0
5.0,male,0.0283312983670996,-0.040899122232791234,-0.34631555722104623,0
5.0,male,-0.27076710573164536,-0.25191592811389807,0.0015287134868179903,0
1.0,female,-1.0888335277584844,1.0468433010387965,-0.4372307280622272,1
5.0,female,-0.23463110055559597,-0.2867080919267704,0.00444350698796399,1
5.0,female,-0.23451801556686175,-0.28636767539713237,0.004422879955306318,1
1.0,female,-0.0493620566146464,-0.44685472026470735,0.018180424179021062,1
1.0,male,0.1756461000143628,-0.17172697430975897,-0.33516178176351613,1
5.0,male,0.42423384622814336,-0.42840981928399263,-0.3139621679929146,0
5.0,male,0.12695153130136885,-0.6339597035130269,0.033550842738901576,0
1.0,male,0.023535303229139215,-0.5145565760774075,0.023895945605219758,0
5.0,female,1.7964675291266803,-0.1050741662750361,-0.49778596335088826,0
1.0,female,0.03162779928183873,-0.030975759159542215,-0.3469168486283808,1
5.0,female,0.01835755645166073,-0.5301430001383058,0.02484038175954669,1
1.0,male,0.4526166194869854,0.37028833618883655,0.9570436277445176,0
5.0,male,0.08985945902301165,-0.6020455613430945,0.03081043867319679,0
5.0,male,0.1268931613067285,-0.6341354130500122,0.033561489596624666,0
1.0,female,-0.6990924876791634,0.1815645862160656,-0.03441676250821944,1
5.0,female,1.3884356767927688,-0.5454973350802519,1.0335062645390811,1
5.0,male,-0.34290247002753266,-0.18192025874629164,-0.004325798155743038,0
1.0,female,-0.18586822913476808,0.17573024697789114,-0.3642815761281112,1
5.0,male,-0.23448692016859546,-0.2862740698029328,0.00441720806372529,0
3.0,male,0.16755826790661563,-0.6552937514866024,0.03565016175288561,0
5.0,male,2.698275654069456,0.6685803908207222,-0.7193821460032727,0
3.0,female,-0.48651954398955455,-0.03996124204486108,-0.01615404995691906,1
5.0,male,-0.23452247152821312,-0.2863810890510259,0.004423692735688083,0
3.0,female,0.19998426381246776,-0.7012540508302977,0.03924167179469032,1
1.0,male,0.388593342763493,0.9239237982695899,0.5803727483178689,1
5.0,male,0.054616440784095506,-0.5645652643168431,0.027732761743212753,1
5.0,male,0.3246264336386982,0.1616790831190935,-0.6936485034967909,0
1.0,female,0.24876424502797145,-0.2387642067966923,-0.32948653219797047,1
5.0,female,0.5573357200290229,0.2548072087436422,0.9664608771295075,1
5.0,male,0.018475858011182403,-0.5297868803137923,0.024818803209121713,0
5.0,female,-0.3067769331595009,-0.2167439350094588,-0.0014090952046004435,0
3.0,male,-0.8463451016318819,0.3125796401436069,-0.04558188118310026,0
3.0,male,-0.017126632716425703,-0.49338869311016675,0.021806695112338133,0
3.0,female,-0.19745246838044422,-0.3183616652979409,0.007168122275352574,1
5.0,male,-0.5958865494379252,0.06152842927506503,-0.024723507894380624,1
5.0,male,-0.12603254810902376,-0.39051101549167033,0.013153133000264,0
5.0,female,0.31651057526287646,-0.3219720607365059,-0.3228314479071306,0
5.0,male,0.06452191688730398,-0.07552688504693562,-0.34341072535358863,0
5.0,female,0.09093791601722823,-0.5987991128847775,0.03061372496354706,0
3.0,male,-0.1516737978051829,0.13509341856145457,-0.3610126338793143,0
5.0,male,-1.0296108365709529,0.47875677266998834,-0.05968420779469749,0
3.0,male,1.2732287041433379,-0.5886065978459541,0.20324223576207387,1
5.0,male,0.054611995760902116,-0.5645786450439103,0.027733572528442538,0
5.0,female,0.8572548610290328,0.800495814815904,-0.5736295956125362,0
5.0,male,-0.23448692016859546,-0.2862740698029328,0.00441720806372529,0
5.0,male,-0.23471359855221116,-0.28695643330279363,0.004458554863808707,0
1.0,female,-0.112838520685204,0.1084267964140751,-0.3585901954746546,1
3.0,male,-0.23659344714344832,-0.2926152881237264,0.004801444744392902,0
5.0,male,-0.7765894633024916,0.23542034929031988,-0.03929330056483604,1
5.0,female,-0.23445429642776355,-0.28617586348251733,0.004411257397990705,0
3.0,female,0.1541412228272318,0.4933481111147063,0.11267776285037301,1
3.0,female,0.7736276492106339,0.04447653687908409,0.9840452358510418,1
3.0,male,-0.2696760473520749,-0.24863154606316698,0.0013297012476274914,0
5.0,female,1.064160652328203,-0.22951104643196368,1.0071000186187238,0
5.0,male,-0.23448692016859546,-0.2862740698029328,0.00441720806372529,0
5.0,male,0.054603069387374324,-0.5646055158526054,0.027735200725078818,0
5.0,male,-0.23449134142607256,-0.28628737898873924,0.004418014514018888,0
5.0,female,0.3691173081087027,0.2790563917314221,0.13050213534742583,0
5.0,male,0.7312945991344387,-0.06640513424916417,0.1595010035269224,0
5.0,male,-0.23462652295873224,-0.2866943121169489,0.00444267202090903,0
3.0,female,0.06566867456784557,-0.07207483297251611,-0.3436198973081668,1
3.0,female,0.1294506332367757,-0.626436727938769,0.033094999237359,1
5.0,male,-0.23451801556686175,-0.28636767539713237,0.004422879955306318,0
5.0,male,-0.3428760447465031,-0.18184071147336475,-0.004330618204282512,1
1.0,male,-0.1957660918912455,-0.31328521405059323,0.006860522271981674,1
5.0,female,0.028416558915437467,-0.040642464825781786,-0.3463311089944042,1
3.0,female,-0.44029948425293974,0.4148225430701972,-0.38441531678544194,1
5.0,male,0.19903288305598565,-0.7041179652995043,0.039415206426947895,0
1.0,male,-0.7278549240672068,0.6977734006215597,-0.4080132158074118,0
1.0,female,1.1836861637675842,0.15879935020246874,0.6444798360678725,1
5.0,female,1.190383537821862,0.6381804709940798,0.2739215161667632,0
3.0,female,1.3853764554871988,1.0935445961357733,0.7393078690017765,1
1.0,male,-0.013442689719988634,2.609020899783594,1.4464782153951659,0
3.0,male,-0.3062512948997318,-0.2151616210857591,-0.001504973160390546,0
3.0,female,-0.24389068458558205,0.8744488575873322,0.0807127750317116,1
5.0,male,0.0911049911546227,-0.5982961713441076,0.03058324996988171,0
5.0,male,0.17153295095653812,-0.18410867009291224,-0.3344115313466278,0
3.0,female,-0.19739488180624848,-0.3181883140692688,0.007157618315809591,1
5.0,male,-0.23444114987061268,-0.28613628877492736,0.004408859427519802,1
1.0,male,1.283271528863037,-0.43135592114556925,1.0241701930991303,1
3.0,female,0.6504306234153115,-0.4819051618317984,0.5245753154218425,1
1.0,male,-0.41260958852872487,-0.10461491003228764,-0.010623228932564862,1
5.0,female,1.4624928668220603,-0.2775066278194993,-0.15308626767560968,1
1.0,male,-1.0628228468739902,0.5223509551989746,-0.06313234651178784,1
3.0,male,0.386311228684755,0.9170540150771642,0.5807890125997827,0
5.0,male,0.02891130479326468,-0.03915314536200691,-0.3464213520893846,0
1.0,male,-0.2679452642528041,-0.24342141885879856,0.001014001348713999,0
1.0,male,-0.6910978729883102,0.6648507536504842,-0.40521170289516917,1
5.0,male,-0.23445429642776355,-0.28617586348251733,0.004411257397990705,0
5.0,male,-0.23448692016859546,-0.2862740698029328,0.00441720806372529,1
1.0,male,-1.5329676544890352,0.973514994062292,-0.10095594348938842,0
1.0,female,0.030970669915814413,-0.03295389702566463,-0.34679698631026923,1
3.0,female,-0.9929223675850833,0.4456276749722091,-0.05687018530812115,1
5.0,male,-0.23451801556686175,-0.28636767539713237,0.004422879955306318,0
1.0,male,-0.9185777473495105,0.382282466010426,-0.051418648409840034,1
5.0,male,-0.4151572102923295,-0.11228394346726288,-0.010158535272464672,0
1.0,male,-0.8816138531711746,0.3499824729466357,-0.04865486428383945,0
3.0,male,-0.9202065372645133,0.3773793659917505,-0.051121552366012096,0
5.0,male,-0.23445429642776355,-0.28617586348251733,0.004411257397990705,0
5.0,male,-0.5599359973345576,0.026178001344915547,-0.02177488721042733,0
3.0,male,-0.23659344714344832,-0.2926152881237264,0.004801444744392902,0
1.0,male,-1.2077024095328162,0.6605095380348336,-0.0747303166825687,0
5.0,male,-0.2345233718935687,-0.2863837993952827,0.0044238569649620385,0
5.0,female,1.6160903436069414,-0.42531475983246575,-0.14070194390572263,1
5.0,male,-0.23462652295873224,-0.2866943121169489,0.00444267202090903,0
5.0,male,-0.5595925738952102,0.02721179917013987,-0.0218375286500925,0
3.0,female,0.4947329770034948,0.8127188630680111,0.5895308882020558,1
3.0,female,-0.01656536597183178,-0.49169912777055363,0.021704318416721893,1
5.0,female,0.01888910341959826,-0.5285428993982318,0.024743426038106874,0
1.0,male,-0.23050801878457772,-0.2742964959792087,0.0036914448151413775,0
3.0,male,-0.1516737978051829,0.13509341856145457,-0.3610126338793143,0
5.0,male,0.026811599947336055,-0.04547382722186908,-0.3460383597849838,0
5.0,male,0.018416686581571983,-0.5299650023877048,0.024829596250927146,0
5.0,female,1.0469503132218758,-0.867558094013057,0.5568161361543041,1
5.0,male,2.4091509918861505,0.9468074628451298,-0.7426938142760015,0
3.0,male,-0.23659344714344832,-0.2926152881237264,0.004801444744392902,0
5.0,male,-0.9934065346589414,0.44417020058155254,-0.056781871817922026,0
5.0,female,-1.4629230333545673,0.8972256199391617,-0.09472007417988912,1
1.0,male,0.1762979242927851,-0.16976480619816456,-0.33528067641813447,1
5.0,female,0.8572548610290328,0.800495814815904,-0.5736295956125362,0
1.0,female,-0.1851196862310305,0.17798356442017682,-0.36441811254283685,1
1.0,male,-1.2797264454553694,0.7308403360426335,-0.08060513494600138,0
5.0,male,-0.2705948792006766,-0.2513974794794666,0.001497298863899633,0
5.0,male,1.056008420234194,-0.3810705258496652,0.1858272116577784,1
5.0,male,0.02891130479326468,-0.03915314536200691,-0.3464213520893846,0
5.0,male,0.054498139224573784,-0.5649213841413566,0.027754340293637728,0
1.0,male,-1.17124459519273,0.6266861072081275,-0.07187422211406108,0
1.0,male,-1.7484993615805495,1.1861341408921082,-0.1186789689433954,0
5.0,male,0.0546703657555425,-0.5644029355069251,0.02772292567071938,0
5.0,male,-0.2333060555139928,-0.2827193464732362,0.00420181489733396,0
1.0,female,-0.8719426103581941,0.8383157463958887,-0.41975562654349735,1
5.0,male,-0.23321022275816736,-0.28243086385030913,0.004184334722412321,0
1.0,female,0.7862686659003904,0.5417496362792219,0.6124027781512741,0
5.0,male,-0.05380530753464431,-0.4602301123076901,0.01899088614093954,0
5.0,male,0.19935966433596777,-0.7031342648939304,0.039355600565820284,0
5.0,female,0.05460664661644431,-0.5645947474215401,0.02773454822803499,0
5.0,female,-0.23454396404952163,-0.2864457873774696,0.004427613034428767,0
5.0,female,-0.5232678812588235,-0.007012364140162802,-0.018957152293520903,0
1.0,female,0.24002758067661137,-0.724284145247726,0.04144376021715025,1
1.0,male,0.4294378023942418,-0.4127444978449556,-0.31491138481637415,0
3.0,female,0.23309917770374028,0.5709093390828068,0.940047611954405,1
1.0,male,-0.2319066746641588,-0.2785068300475421,0.003946563737890592,1
5.0,male,-0.19614950580946297,-0.31443939407851224,0.00693045809194331,0
5.0,male,-0.1219469128798223,-0.37821214380534746,0.012407901186179774,1
5.0,male,-0.23451801556686175,-0.28636767539713237,0.004422879955306318,1
5.0,male,-0.23445429642776355,-0.28617586348251733,0.004411257397990705,0
1.0,male,-0.4849137685995699,-0.03512742199716768,-0.016446948084078587,1
1.0,female,-0.8723201407908361,0.8371792772574895,-0.4196867638885108,1
5.0,male,-0.05386990170456236,-0.46042455830272866,0.019002668306435645,0
1.0,male,-0.8818774482697439,0.3491889801082937,-0.048606783766986995,0
3.0,female,-0.41467304321847126,-0.1108264690766064,-0.010246848762663787,1
5.0,male,-0.23212712364489826,-0.27917044135285796,0.003986774276671756,0
3.0,female,-0.22345598761546048,0.20615223905189167,-0.36693156558089546,1
5.0,male,-0.342908668487335,-0.18193891779378016,-0.004324667538547919,0
1.0,female,-0.26586297737271747,-0.23715316980678883,0.0006341861322210582,1
5.0,male,0.018497159241797515,-0.5297227578242897,0.024814917802362918,0
5.0,male,-0.23463202550270548,-0.28671087626878283,0.004443675701021726,0
1.0,female,-0.4676273663555672,0.6031485962868508,0.4338230602415852,1
5.0,male,-0.23463110055559597,-0.2867080919267704,0.00444350698796399,0
5.0,male,-0.650134717455364,0.11358374063795348,-0.029087643186741143,0
3.0,female,-0.9929223675850833,0.4456276749722091,-0.05687018530812115,1
1.0,male,-0.22927035885175942,-0.270570803436654,0.0034656920239080533,0
5.0,male,-0.5958865494379252,0.06152842927506503,-0.024723507894380624,0
3.0,male,0.8108288290024105,0.34509199716645744,-0.20533075883595805,0
3.0,female,1.3101321783074646,-0.6210884715624096,0.206017040675362,1
5.0,male,-0.23463110055559597,-0.2867080919267704,0.00444350698796399,0
5.0,male,0.7653475306505269,-0.10746791553515633,0.16279575575551156,0
5.0,female,0.3773092216680813,0.43073532313725416,0.951767704293041,1
5.0,female,-0.27046791171190426,-0.2510152728542679,0.0014741396226361897,0
3.0,female,1.1727765261417067,-0.33326182797796744,1.0158064851630395,1
1.0,male,-0.8101559990307706,0.27794731400127315,-0.04267677280756673,0
1.0,female,-0.2657504106564441,-0.2368143134180192,0.0006136536339757744,1
5.0,male,-0.23329973590804548,-0.28270032274294854,0.0042006621827277695,0
1.0,female,0.6320057451008511,0.1924415567179758,0.9718530592340222,1
1.0,female,0.12659987364442082,0.6810315704429818,0.9309550768971014,1
5.0,female,2.1468284349473006,0.702924591301715,-0.3920514591160369,0
5.0,female,2.0745472694014744,0.772481359307817,-0.39787937618421904,0
3.0,male,-0.0788936565238073,0.06703870303968759,-0.3552757314445311,1
1.0,male,-0.7270787798274201,0.7001098055817945,-0.4081547867865519,0
1.0,male,-1.49687559154432,0.9385905521985237,-0.09803313479673974,0
3.0,female,0.39093391952406464,-0.38508028899997454,-0.31739427050134705,1
3.0,male,-0.23339778188089408,-0.2829954677502186,0.004218546054906874,1
5.0,male,0.18922167070531754,0.455378433148728,0.11578509308960294,0
3.0,male,1.0940629175189331,-0.4100875073586075,0.18839206658774538,1
1.0,male,0.8137254658732637,0.021610501657083735,0.9862373833508751,1
3.0,male,-0.15967402894653002,-0.3482096559143616,0.009783330964630408,0
5.0,male,-0.23450109408432412,-0.2863167371388695,0.004419793427405229,0
5.0,male,0.01835205390768753,-0.5301595642901398,0.024841385439659365,1
5.0,female,0.01847141298798902,-0.5298002610408595,0.024819613994351477,1
1.0,male,-1.4245459061702952,0.8691798420531393,-0.0922140678871152,0
1.0,female,-0.6562130375757531,0.6262922290354981,-0.40206869237016585,1
1.0,male,-0.22926491163129156,-0.2705544058235966,0.00346469843496454,0
1.0,female,-0.025005053589520848,0.671925932626,0.09782403495711206,1
5.0,female,-0.2243910117751814,0.20333756238133946,-0.3667610144397213,1
5.0,male,-0.23451801556686175,-0.28636767539713237,0.004422879955306318,0
5.0,male,-0.6320333306706408,0.09628815423062763,-0.02763633581127664,0
3.0,male,-0.19731434605761158,-0.317945879592601,0.007142928359734599,0
5.0,male,-0.23445429642776355,-0.28617586348251733,0.004411257397990705,0
5.0,female,-0.23445429642776355,-0.28617586348251733,0.004411257397990705,0
5.0,male,0.47154236279424594,0.029650516509476053,-0.6824219725302849,0
5.0,male,0.126918907560537,-0.6340579098334423,0.033556793404636145,0
5.0,female,0.9867875731006941,1.1407675374561996,1.8995409722703438,0
5.0,male,-0.23463110055559597,-0.2867080919267704,0.00444350698796399,0
5.0,male,-0.34291751593241404,-0.18196555100640807,-0.004323053738691507,1
3.0,male,-1.4266093608600419,0.8629682830088204,-0.09183768771721415,1
1.0,female,-0.5749329593342944,1.043044838222563,-0.7672189025820345,1
1.0,male,-0.48490497065538235,-0.03510093779566761,-0.0164485528548277,1
5.0,female,-0.23451801556686175,-0.28636767539713237,0.004422879955306318,1
5.0,male,0.23537327962010876,-0.7382948555221801,0.04229271834117485,0
5.0,male,0.12810609182108698,-0.6304841627734581,0.03334024752363859,0
3.0,female,-0.4142383784437278,-0.10951801005096322,-0.010326132888736858,1
1.0,female,-0.330308513565161,0.31521117658799885,-0.3759596719324099,1
5.0,female,0.028177230773296102,-0.04136290753444184,-0.346287454841372,0
5.0,male,-0.34290247002753266,-0.18192025874629164,-0.004325798155743038,1
3.0,female,0.4792271945065066,0.17980299383355433,0.13893608962718498,1
1.0,female,-0.024692420487413436,0.6728670431735679,0.09776700976500456,1
3.0,male,-1.1354697638151876,0.5908067121680145,-0.06889354945582893,0
1.0,male,-0.48398242938851854,-0.03232383802293224,-0.016616827079838883,0
5.0,male,-0.23431714556918415,-0.2857630021484263,0.004386240680293562,0
1.0,female,0.7772722499982431,0.05544777511256676,0.9833804500088915,1
3.0,male,-0.8837554496163075,0.34353568599553475,-0.048264230829233534,0
1.0,male,-0.7839638643415028,1.4022522116173743,0.03663210458821495,1
5.0,male,0.0185297829826294,-0.5296245515038743,0.024808967136628318,0
5.0,male,-0.23445429642776355,-0.28617586348251733,0.004411257397990705,0
5.0,male,-0.4514976068564526,-0.07810705324458701,-0.013036047186691626,0
1.0,female,-0.7996614448123678,0.7687589783897867,-0.4139277094753152,1
5.0,male,-0.8851570128711704,0.3393165999379682,-0.04800858159273045,0
5.0,female,0.375098687720888,0.42408101558173,0.9521709121496275,0
3.0,male,-0.2595965703883735,0.24093062305494245,-0.36984552411498656,0
5.0,male,0.08118043487587294,0.5608590310967244,0.10697381089648868,0
3.0,female,-0.23141377020767062,-0.2770230537621222,0.0038566565235476223,1
5.0,male,-0.9594051026017126,0.4029523919372926,-0.05347772593742887,0
5.0,male,-0.23463202550270548,-0.28671087626878283,0.004443675701021726,0
1.0,male,-0.6916846455317146,0.6630844089291518,-0.4051046738672592,1
3.0,female,0.7766100215132161,0.3856554467219781,-0.20859525480195498,1
5.0,male,-0.23448692016859546,-0.2862740698029328,0.00441720806372529,0
1.0,male,-0.23088764092201836,-0.2754392617171534,0.003760689003200458,0
5.0,male,-0.7765630380214621,0.23549989656324677,-0.03929812061337553,0
1.0,male,-0.4487501713016381,-0.06983652602923655,-0.013537187466655944,1
5.0,male,-0.22464558100235046,0.20257123986731226,-0.3667145802682081,0
5.0,male,-0.27062750294150856,-0.251495685799882,0.0015032495296342188,0
1.0,male,-0.15930827755115912,-0.3471086448772996,0.009716616840489339,1
3.0,female,0.8931575505220929,0.43280014822074664,0.6214242525746858,1
1.0,female,-0.626934472737594,0.11163710144381117,-0.02856638240967187,1
5.0,female,1.1925861478296622,2.0878798310451545,1.993619642368831,0
5.0,male,-0.23467075237833857,-0.28682745468254295,0.0044507395963924185,0
5.0,female,0.0283312983670996,-0.040899122232791234,-0.34631555722104623,1
5.0,male,-0.23451801556686175,-0.28636767539713237,0.004422879955306318,0
5.0,male,-0.4512977930652428,-0.07750555946421175,-0.013072493806555783,0
3.0,female,0.821648868157264,0.5046823004057963,0.6154554323151933,1
5.0,male,0.15227381147122337,0.4877266957497277,0.1130183841428793,0
5.0,female,0.13683830723417736,-0.1449776168349347,-0.33758923339213104,0
3.0,female,1.5002328433809753,-0.30747040213606985,-0.150464043245449,1
3.0,male,-0.12554838103516547,-0.3890535411010138,0.013064819510064874,0
5.0,male,0.10045777426698302,-0.11092154808643244,-0.3404594243090603,0
1.0,male,-0.43883399073790924,0.4192340765741369,-0.384682627088361,1
5.0,male,0.6584395387508315,0.0014240544270790769,0.1537777665554841,1
5.0,male,0.0546288945696315,-0.5645277750399684,0.027730490136310383,0
5.0,male,0.05605793481145458,-0.560225975788984,0.02746982901703046,0
1.0,male,-1.3879584047845497,0.8357468044564859,-0.0893816286150005,0
3.0,male,-1.2455795421987617,0.6900604352180505,-0.07732752343769955,0
1.0,female,0.05920866620854277,-0.5507414185544337,0.026895126396012728,1
5.0,male,-0.12606517184985563,-0.3906092218120857,0.013159083665998557,0
5.0,male,-0.2345215927959317,-0.28637844382819777,0.0044235324523501235,0
1.0,male,-2.0747964959348857,1.4960333295731314,-0.1447163761062791,1
5.0,male,-1.02976263963335,0.4782998042229116,-0.059656518472174236,0
1.0,male,-0.3400111914157253,-0.17321672486204467,-0.004853175829966115,1
1.0,male,-0.23659344714344832,-0.2926152881237264,0.004801444744392902,0
5.0,female,1.8850859246654985,0.4607878177349668,-0.04151490616264149,0
3.0,female,-0.19739488180624848,-0.3181883140692688,0.007157618315809591,1
5.0,male,-0.34290247002753266,-0.18192025874629164,-0.004325798155743038,0
3.0,male,0.2620774742352032,0.3875514815446187,0.1215081945089868,0
5.0,female,0.8593340340341767,1.917622436755224,2.338187543082978,0
5.0,male,0.028416558915437467,-0.040642464825781786,-0.3463311089944042,0
5.0,male,0.09076947734254484,-0.5993061590430195,0.030644448670401465,0
1.0,female,-0.0493620566146464,-0.44685472026470735,0.018180424179021062,1
5.0,female,2.138070004075891,0.2173391297136102,-0.021117196424003958,0
5.0,male,-0.23036866119856228,-0.2738769917961945,0.003666025583906398,1
5.0,female,1.6160903436069414,-0.42531475983246575,-0.14070194390572263,1
1.0,male,-0.6551227873887266,0.6295741782071697,-0.402267557192673,1
5.0,male,0.126918907560537,-0.6340579098334423,0.033556793404636145,0
1.0,male,-1.2070505340465876,0.6624718602958333,-0.07484922067764078,1
5.0,male,-0.234561068302332,-0.2864972758238932,0.004430732900162106,0
5.0,female,-0.01771757166485243,-0.4951675798421992,0.021914484104708618,1
5.0,male,-0.23448692016859546,-0.2862740698029328,0.00441720806372529,0
3.0,female,0.470113529882467,-0.3068518178304023,0.5099351479945649,1
5.0,male,0.05475030537145026,-0.5641622955516798,0.027708344450997593,0
5.0,female,-0.23450109408432412,-0.2863167371388695,0.004419793427405229,1
5.0,female,0.16280840828567908,-0.6695921189934256,0.03651655003852022,0
3.0,male,0.47368134384371385,0.0360894304092925,-0.6828121289290731,0
5.0,male,-0.23448692016859546,-0.2862740698029328,0.00441720806372529,0
5.0,female,0.22471790169223502,0.41866037526579253,0.11881658327384095,0
3.0,male,-0.016691967941682265,-0.4920802340845236,0.021727410986265013,0
1.0,male,-0.6680227350235316,1.4475714853501593,0.8667622210418684,0
1.0,male,-0.4654425646472591,0.9419266020231677,-0.7586719512025522,1
5.0,male,-0.632178436004751,0.09585134776477756,-0.027609868173980187,0
1.0,male,-0.8825228343376831,0.3472461927588521,-0.048489063460788996,0
5.0,male,-0.48755689497952126,-0.043083950266117166,-0.015964834102657366,0
5.0,male,0.3522678095347152,-0.3579044278441087,-0.3198475654853561,1
3.0,male,0.18455668166040828,0.3143165024336999,-0.7061237972018017,0
3.0,male,-0.08897313348750872,-0.4225234660784218,0.015899493918082912,0
5.0,male,-0.23451266642240398,-0.2863515730195026,0.004421904255713843,0
5.0,male,-0.7404224552485487,0.20072151256019596,-0.03638416207928446,0
1.0,female,0.03097526750271122,-0.03294005704041436,-0.34679782492356465,1
3.0,female,-0.062311422731190405,0.7031949830349701,0.09512271926597804,1
1.0,male,-0.04130589804311521,0.03661671096568753,-0.35262574199174684,0
3.0,male,-1.715734023043348,1.1411953550332279,-0.11514935598994279,0
3.0,male,-0.3058166301249883,-0.21385316206011584,-0.0015842572864636015,1
3.0,male,-0.23659344714344832,-0.2926152881237264,0.004801444744392902,0
5.0,male,0.16303374407964197,-0.6689137970530633,0.03647544813071581,0
5.0,male,-0.07182167394965372,-0.442678591496247,0.017524070801400622,0
5.0,female,0.16345223962518196,-0.667654011798837,0.03639911331933573,1
5.0,female,1.3536714390334446,2.58474414515141,2.4556847389083694,0
1.0,male,-0.1797591092210385,0.3211394038297345,0.4573639004695174,1
5.0,female,-0.234435903524879,-0.286120495849377,0.004407902478715278,0
1.0,male,-0.15765383544483713,-0.34212832479569494,0.009414841761945958,1
5.0,male,0.09105094146786703,-0.5984588755809771,0.030593108790812073,0
5.0,male,2.228448078021584,1.1206993828603844,-0.7572636069464569,0
3.0,male,-0.7851230781894555,1.3987626630959893,0.03684354858415641,0
3.0,male,0.784735802203353,0.5371353002298996,0.6126823769724127,0
5.0,male,1.6618295074764904,0.5231344424703009,-0.880588719840029,0
5.0,male,0.127374198546408,-0.6326873603102872,0.033473746997332826,0
5.0,male,0.16303818910283532,-0.668900416325996,0.036474637345486054,0
1.0,female,0.5814950760016692,-0.40227717458784723,0.5181371478222226,1
1.0,male,-0.041152148805130885,0.03707953792985795,-0.35265378630238875,1
5.0,female,0.9748547139878678,-0.797442721009122,0.550954371248165,1
5.0,male,-0.23036866119856228,-0.2738769917961945,0.003666025583906398,1
5.0,male,-0.09006969441105231,-0.4258244122809869,0.01609950983738613,0
1.0,male,-1.3522647406244692,0.7996230740470376,-0.08638615081893303,0
3.0,male,-1.0646883326075296,0.516735336480622,-0.06279207645845135,0
5.0,male,-0.7765630380214621,0.23549989656324677,-0.03929812061337553,0
5.0,female,-0.2345215927959317,-0.28637844382819777,0.0044235324523501235,1
1.0,male,-0.3860982482165458,1.0206508832040775,0.06862742442409372,0
5.0,male,-0.7043670601361007,0.1656866905624282,-0.03345466506679658,0
1.0,female,0.4297647851580433,-0.41176019091836275,-0.31497102742873956,1
1.0,male,-0.4487731858266566,-0.0699058060002188,-0.013532989549987528,1
5.0,female,0.46904808457978814,-0.3100590975632541,0.510129488333626,0
5.0,male,-0.08995746197865524,-0.4254865621774754,0.0160790383134976,0
5.0,male,0.1354092669923542,-0.14927941608591921,-0.337328572272851,0
3.0,male,-0.5933610222214888,0.06913095212224993,-0.02518417144446262,0
3.0,female,-0.8117042531971367,0.2732866484592653,-0.042394366719813774,1
1.0,male,-0.7017572652370492,0.17354288202113788,-0.03393069928862509,1
1.0,female,0.023590424644091477,-0.514390645647588,0.023885891297932015,1
5.0,male,0.3331027732278503,0.3142142141238111,0.12756518530920077,1
1.0,female,-0.049891971253627404,-0.44844990725128653,0.018277082158885502,1
1.0,male,-0.2319066746641588,-0.2785068300475421,0.003946563737890592,0
1.0,male,-0.6556958051826403,0.6278492390175539,-0.40216303707129525,1
5.0,male,-0.23416351388721626,-0.2853005290597933,0.00435821781221288,0
3.0,male,-1.0647688683561662,0.5164929020039541,-0.06277738650237637,0
5.0,male,0.12686634364090363,-0.6342161415077434,0.033566381217298366,0
1.0,female,-0.5545301565875105,0.04245105020386218,-0.02276092837185524,1
3.0,female,-0.16168896380807857,-0.3542751570979631,0.010150860975973803,1
5.0,male,-0.2331519879201893,-0.2822555611715857,0.0041737125176596725,0
5.0,male,-0.3790749975140569,-0.14723803700729887,-0.007233929880650465,0
3.0,female,0.9046279852132091,-0.7217015403428633,0.5447517189048031,1
5.0,male,0.4605004609329892,-0.4628088129420264,-0.3110711980517834,0
3.0,male,-0.4142383784437278,-0.10951801005096322,-0.010326132888736858,0
3.0,male,-0.9924877028103398,0.4469361339978523,-0.056949469434194225,0
1.0,male,0.10329246316403308,-0.1023883646132034,-0.34097647985381757,1
5.0,male,0.09093791601722823,-0.5987991128847775,0.03061372496354706,0
3.0,female,0.5158551058610479,0.47869276042683967,-1.0503353392203618,1
5.0,female,-0.23452069283167895,-0.2863757346913692,0.004423368296238509,1
3.0,male,0.17409042288658536,-0.1764099849816691,-0.3348780217058936,0
5.0,female,0.17156489567014896,-0.18401250782885387,-0.3344173581558115,0
1.0,female,-0.22928143446299123,-0.270604144034565,0.0034677122477869194,1
5.0,male,0.4178170315553367,-0.9069463801382792,0.05654497705652973,0
3.0,male,-0.23659344714344832,-0.2926152881237264,0.004801444744392902,0
3.0,male,-0.016691967941682265,-0.4920802340845236,0.021727410986265013,0
3.0,male,-0.016691967941682265,-0.4920802340845236,0.021727410986265013,0
5.0,male,-0.2149964359853947,-0.29938809576610176,0.005615140011347326,0
5.0,female,0.25791286830979077,1.691064745627093,1.019607921582171,0
1.0,male,-0.448426878092,-0.06886332566274776,-0.013596157093552042,1
5.0,male,-0.23448692016859546,-0.2862740698029328,0.00441720806372529,0
5.0,male,-0.23448692016859546,-0.2862740698029328,0.00441720806372529,0
1.0,male,-0.2316267745163104,-0.2776642545824672,0.0038955091323662028,1
1.0,male,-0.2214033973241227,0.21233109330626176,-0.3673059640527543,0
1.0,female,1.1924685880104051,0.6444570383550501,0.27354119691472645,1
5.0,male,0.20911947278000367,-0.21453438484103662,-0.33176131632394884,0
5.0,male,-0.3067618872546195,-0.21669864274934242,-0.0014118396216519556,1
1.0,male,-1.1455050059912153,1.7496287199960774,0.0075172009021380855,0
5.0,male,0.8035800893898905,-0.13594888370471622,0.16532813175542152,0
3.0,female,-0.2696760473520749,-0.24863154606316698,0.0013297012476274914,1
1.0,male,0.39241712534733886,-0.3806154366376106,-0.3176648115810887,0
5.0,male,-0.30679918111268817,-0.21681090739103057,-0.0014050371128758357,0
3.0,female,1.2375649749905413,-0.5523927549343212,0.200241297733134,1
5.0,male,0.9024195287154378,-0.7283495942113977,0.5451545478285399,1
5.0,male,-0.37872258489324956,-0.1461771793044451,-0.007298210973302411,0
5.0,male,-0.01764342353111585,-0.4949443738212386,0.021900959268271795,0
3.0,female,-0.04572511839265359,1.3393635164790196,0.5455204274970075,1
3.0,male,1.3568546119797504,-0.6713911571211565,0.21013785381198274,1
5.0,male,-0.1983676386262972,-0.32111657629548634,0.007335052004575184,0
3.0,male,0.16375681864852387,-0.6667371462158174,0.03634355721474892,0
5.0,male,-0.4151572102923295,-0.11228394346726288,-0.010158535272464672,0
1.0,female,-0.3743623264629139,-0.13305161719585973,-0.008093534862398357,1
5.0,male,-0.23329973590804548,-0.28270032274294854,0.0042006621827277695,0
5.0,male,-0.6683411034939323,0.13056325077371883,-0.03051979839123814,0
5.0,male,0.0906341444006234,-0.5997135479542293,0.03066913379478377,1
1.0,female,0.388593342763493,0.9239237982695899,0.5803727483178689,1
5.0,male,0.2353149096254684,-0.7384705650591652,0.042303365198897956,0
1.0,female,-0.7635255306915655,0.7339665404758893,-0.41101289936542573,1
1.0,male,-0.2310252511776906,-0.2758535059612645,0.0037857895162708662,0
5.0,female,-0.28872888972623156,-0.23420009939255612,5.194215416972156e-05,0
5.0,male,0.029356162642390715,-0.037814002414063526,-0.3465024954620343,0
5.0,male,-0.34281074823920193,-0.1816441512520503,-0.004342528478171268,0
5.0,male,-0.05345733993703049,-0.4591826353319036,0.01892741583351735,0
5.0,male,-0.9211668402990261,0.3744885930424075,-0.0509463902841489,0
3.0,female,-1.245906446995476,0.6890763629935659,-0.07726789504675874,0
5.0,male,-0.23463202550270548,-0.28671087626878283,0.004443675701021726,0
3.0,female,0.04015253963262935,1.8969751361970895,1.0022914032229016,1
5.0,male,0.1630283949351841,-0.6689298994306931,0.03647642383030829,0
5.0,male,-0.23451801556686175,-0.28636767539713237,0.004422879955306318,0
5.0,female,0.6337517598444761,-1.11835232370388,0.0741944902654705,1
5.0,male,-0.23452069283167895,-0.2863757346913692,0.004423368296238509,0
1.0,female,-0.4304412416399016,0.5715175774975796,0.4365463088676723,1
5.0,female,0.34361822381101603,-0.8431622359755858,0.0510668435334214,1
1.0,female,0.4648160100156546,-0.4498178381128555,-0.3118583668251135,1
1.0,male,-0.2316267745163104,-0.2776642545824672,0.0038955091323662028,0
5.0,male,0.6389041002589484,0.672427685217958,0.6012580797918148,0
5.0,male,-0.09010842128668538,-0.425940990694747,0.016106573732756806,0
5.0,male,-0.0900641918670791,-0.42580784812915284,0.01609850615727344,0
5.0,female,0.16297359493291727,-0.6690948623210345,0.03648641951098217,1
5.0,male,1.8779997486171147,0.312437456552262,-0.8629821648639473,0
5.0,male,1.6505343538014243,-0.302288402931847,0.6829047457331122,1
1.0,male,-0.8442873434518813,0.31877405114643537,-0.04595722229296443,0
5.0,male,-0.23451801556686175,-0.28636767539713237,0.004422879955306318,0
3.0,male,0.23787238155551557,-0.7307718799479219,0.041836874839632374,0
5.0,female,2.47142286182296,2.3683519680894425,-1.8525563768027307,0
1.0,male,-0.2315750315166694,-0.2775084941003024,0.0038860710579113112,0
5.0,male,-0.08992458907694233,-0.42538760581513674,0.01607304220008964,0
3.0,male,-0.594941292308294,0.06437390996429157,-0.02489592555919229,0
1.0,female,-0.9547731793998386,0.416895738791556,-0.054322602275326044,1
5.0,female,-0.30660425492490717,-0.21622412662443444,-0.0014405922195809902,1
5.0,male,-0.2707716833285091,-0.2519297079237196,0.0015295484538729298,0
5.0,female,0.29802393151335255,0.3521887270784184,0.12445756210103516,0
3.0,male,-0.4142383784437278,-0.10951801005096322,-0.010326132888736858,0
3.0,female,0.2620774742352032,0.3875514815446187,0.1215081945089868,1
1.0,male,1.2921079120863241,0.05446419819331603,0.6532217116701461,1
5.0,male,1.1033490289994345,-0.9246253808415629,0.5615484937679128,1
5.0,male,-0.162406296764553,-0.35643452412245735,0.010281704605046477,1
5.0,male,-0.3067938319682304,-0.2167948050134008,-0.001406012812468294,0
1.0,male,-0.5979992748725803,0.055168551906782895,-0.024338140596517982,0
5.0,female,0.16303374407964197,-0.6689137970530633,0.03647544813071581,0
3.0,male,-0.594941292308294,0.06437390996429157,-0.02489592555919229,0
1.0,female,-0.11355103347344635,0.10628193940510275,-0.35846023105836383,1
5.0,male,-0.12606693551093928,-0.3906145309109526,0.01315940536293796,0
5.0,male,-0.5935329513740305,0.0686133986776513,-0.025152811064239087,0
3.0,male,-0.4508136259913846,-0.0760480850735553,-0.01316080729675489,0
5.0,female,2.2552501832660403,0.5985894392925621,-0.38330958351376376,0
5.0,male,-0.2886651705871333,-0.2340082874779411,4.031959685412434e-05,0
1.0,male,-0.23659344714344832,-0.2926152881237264,0.004801444744392902,0
5.0,female,-0.017637225071313507,-0.4949257147737501,0.02189982865107669,0
3.0,male,0.26284409878696197,0.38985922965837017,0.12136835994878292,0
5.0,male,-0.740774517651069,0.19966170910950448,-0.03631994486747227,0
5.0,male,1.8489453418925852,0.49556620173801785,-0.04442886469673257,0
1.0,female,-0.49466416044564493,1.124552062688558,0.05991184474067165,1
5.0,male,-0.16204616339316444,-0.35535042486342083,0.010216015224909473,1
1.0,male,-0.5618586920996673,0.02039016790373207,-0.021424182062426838,0
5.0,female,0.14346729048425988,0.0019964698526722738,0.48396141861262715,1
5.0,male,2.0955165007514496,0.10579383443368957,-0.8456212174309362,0
5.0,male,-0.23469304740811714,-0.2868945687774407,0.004454806275024946,0
5.0,male,-0.23036866119856228,-0.2738769917961945,0.003666025583906398,0
3.0,male,1.3903866473309452,-0.5396243838825213,1.0331504018073823,1
5.0,male,-0.23451801556686175,-0.28636767539713237,0.004422879955306318,1
1.0,female,-1.4225250385395984,0.8752632024832006,-0.0925826800529015,1
5.0,female,0.5341447675419417,-0.5282621561230437,-0.3054919218999674,1
3.0,male,1.3516537687605594,-0.6640756911325745,0.2095655257810515,1
5.0,male,-0.23463110055559597,-0.2867080919267704,0.00444350698796399,0
5.0,male,-0.017652270976194925,-0.4949710070338666,0.02190257306812823,0
5.0,male,0.16314443817194427,-0.6685805777710456,0.036455257204559374,0
1.0,female,-0.024956455974837265,0.6720722246451659,0.09781517061007199,1
5.0,male,0.054797333244314864,-0.5640207288817264,0.027699766429455912,0
5.0,male,-0.23445429642776355,-0.28617586348251733,0.004411257397990705,0
5.0,male,-0.33879040951730166,-0.16954183978704182,-0.005075850018366849,1
1.0,male,-0.2316495450408851,-0.2777328000458443,0.0038996625426401138,1
5.0,male,0.09078452324742628,-0.599260866782903,0.03064170425334999,0
3.0,male,0.23585744669396702,-0.7368373811315234,0.04220440485097571,0
1.0,female,-0.2676934517004356,-0.2426633946846263,0.0009680700027461863,1
5.0,male,-0.43358243662874335,-0.09596320206438973,-0.011550773366644854,0
5.0,male,0.19935966433596777,-0.7031342648939304,0.039355600565820284,0
5.0,male,-0.704388644350204,0.1656217162157689,-0.03345072804302195,0
5.0,male,2.47142286182296,2.3683519680894425,-1.8525563768027307,0
5.0,male,-0.4513304168060747,-0.07760376578462722,-0.013066543140821205,0
3.0,male,0.10953516420911762,0.043422907724257914,0.4806446311547993,0
1.0,female,0.03171378246995442,-0.030716926410534622,-0.3469325322133475,1
5.0,male,2.3275313488118674,0.5290326712864605,-0.37748166644558157,0
5.0,male,-1.8608388912034994,1.2786757071177899,-0.1267062297783849,0
5.0,female,1.055914428686115,-0.38135346593720815,0.18584435599102248,0
1.0,female,0.5436002886696747,-0.3727794227443936,0.5155431613298097,1
3.0,female,-0.5125806497987663,0.48437931107629906,-0.3902432338536241,0
5.0,female,0.46816512349571193,-0.312717050235939,0.5102905430175462,1
1.0,female,-0.24131606837891587,0.8821991516275335,0.08024315750625287,1
1.0,male,-1.02699949566825,0.48661761801957865,-0.06016052401211327,1
5.0,female,0.8624719248498806,0.6110184813397429,1.440275091848393,1
5.0,male,-0.23463110055559597,-0.2867080919267704,0.00444350698796399,0
5.0,male,-0.14408003318271828,0.6171729184203333,-0.7317344580415196,0
3.0,male,0.31681835661707297,-0.32104555526786993,-0.3228875881262304,0
1.0,female,-0.9186325966269254,0.3821173547885052,-0.051408643741234994,1
5.0,female,2.47142286182296,2.3683519680894425,-1.8525563768027307,0
3.0,male,-0.05283255071459558,-0.4573018500814725,0.018813452452173952,0
3.0,female,-0.7033630406270338,0.16870906197344446,-0.03363780116146553,1
3.0,female,0.10036601370528064,-0.11119777229905331,-0.3404426869142558,1
1.0,male,-0.3028406559782905,-0.20489467161279198,-0.0021270836739394074,0
5.0,male,-0.2341602538015967,-0.2852907153166488,0.0043576231630619066,0
5.0,male,1.23595148667158,-0.5572497929930436,0.20053560272109508,1
5.0,male,-0.12606517184985563,-0.3906092218120857,0.013159083665998557,0
1.0,female,-0.3147285529586005,0.948350342078823,0.07462159633834409,1
1.0,male,-0.3797154368540139,-0.14916593336199738,-0.007117111872102874,0
5.0,male,-0.8847896011568792,0.3404226089859178,-0.04807559856389813,0
3.0,female,0.06548218776780731,-0.0726362088898938,-0.3435858815704665,1
5.0,female,0.27133613331808,-0.7736082523114962,0.04523909517829694,1
5.0,male,0.09117185985371032,-0.5980948783985132,0.03057105292361324,0
5.0,male,0.126918907560537,-0.6340579098334423,0.033556793404636145,0
5.0,male,-0.23448692016859546,-0.2862740698029328,0.00441720806372529,0
1.0,female,-0.9008296494016514,1.021948313758238,0.3987671452692296,1
3.0,female,0.2174154882431713,-0.06254207843103235,0.48948526412997306,1
5.0,male,-0.3790492512602483,-0.14716053379072905,-0.007238626072639039,0
5.0,female,0.01901704201760831,-0.5281577694704772,0.02472008966367847,0
3.0,male,-0.19782954658099197,-0.319496773094912,0.0072369024418827,0
5.0,male,-0.09010842128668538,-0.425940990694747,0.016106573732756806,0
5.0,female,0.9309419440831486,1.8460389868493892,2.344138263922696,0
3.0,male,-0.1612542990333351,-0.35296669807231995,0.010071576849900747,0
1.0,female,0.12977905321282207,-0.6254480946129768,0.03303509447327698,1
5.0,female,0.6389041002589484,0.672427685217958,0.6012580797918148,0
1.0,male,-0.12320502619757061,-0.3819994065916202,0.012637384734639406,1
5.0,male,-0.3429397638856012,-0.1820325233879798,-0.004318995646966896,0
